CREATE DATABASE  IF NOT EXISTS `igarrett` /*!40100 DEFAULT CHARACTER SET latin1 */;
USE `igarrett`;
-- MySQL dump 10.13  Distrib 5.6.19, for osx10.7 (i386)
--
-- Host: ix.cs.uoregon.edu    Database: igarrett
-- ------------------------------------------------------
-- Server version	5.6.13-log

/*!40101 SET @OLD_CHARACTER_SET_CLIENT=@@CHARACTER_SET_CLIENT */;
/*!40101 SET @OLD_CHARACTER_SET_RESULTS=@@CHARACTER_SET_RESULTS */;
/*!40101 SET @OLD_COLLATION_CONNECTION=@@COLLATION_CONNECTION */;
/*!40101 SET NAMES utf8 */;
/*!40103 SET @OLD_TIME_ZONE=@@TIME_ZONE */;
/*!40103 SET TIME_ZONE='+00:00' */;
/*!40014 SET @OLD_UNIQUE_CHECKS=@@UNIQUE_CHECKS, UNIQUE_CHECKS=0 */;
/*!40014 SET @OLD_FOREIGN_KEY_CHECKS=@@FOREIGN_KEY_CHECKS, FOREIGN_KEY_CHECKS=0 */;
/*!40101 SET @OLD_SQL_MODE=@@SQL_MODE, SQL_MODE='NO_AUTO_VALUE_ON_ZERO' */;
/*!40111 SET @OLD_SQL_NOTES=@@SQL_NOTES, SQL_NOTES=0 */;

--
-- Table structure for table `ASSIGNMENTS`
--

DROP TABLE IF EXISTS `ASSIGNMENTS`;
/*!40101 SET @saved_cs_client     = @@character_set_client */;
/*!40101 SET character_set_client = utf8 */;
CREATE TABLE `ASSIGNMENTS` (
  `ASSIGNMENT_ID` int(11) NOT NULL,
  `ASSIGNMENT_employee` varchar(45) DEFAULT NULL,
  `ASSIGNMENT_startDate` date DEFAULT NULL,
  `ASSIGNMENT_endDate` date DEFAULT NULL,
  `PROJECT_SCHEDULES_TASK_ID` int(11) DEFAULT NULL,
  `EMPLOYEES_EMPLOYEE_ID` int(11) DEFAULT NULL,
  PRIMARY KEY (`ASSIGNMENT_ID`),
  KEY `fk_ASSIGNMENTS_PROJECT_SCHEDULES1_idx` (`PROJECT_SCHEDULES_TASK_ID`),
  KEY `fk_ASSIGNMENTS_EMPLOYEES1_idx` (`EMPLOYEES_EMPLOYEE_ID`),
  CONSTRAINT `fk_ASSIGNMENTS_EMPLOYEES1` FOREIGN KEY (`EMPLOYEES_EMPLOYEE_ID`) REFERENCES `EMPLOYEES` (`EMPLOYEE_ID`) ON DELETE NO ACTION ON UPDATE NO ACTION,
  CONSTRAINT `fk_ASSIGNMENTS_PROJECT_SCHEDULES1` FOREIGN KEY (`PROJECT_SCHEDULES_TASK_ID`) REFERENCES `PROJECT_SCHEDULES` (`TASK_ID`) ON DELETE NO ACTION ON UPDATE NO ACTION
) ENGINE=InnoDB DEFAULT CHARSET=latin1;
/*!40101 SET character_set_client = @saved_cs_client */;

--
-- Dumping data for table `ASSIGNMENTS`
--

LOCK TABLES `ASSIGNMENTS` WRITE;
/*!40000 ALTER TABLE `ASSIGNMENTS` DISABLE KEYS */;
INSERT INTO `ASSIGNMENTS` VALUES (122,'2','2014-04-21','2014-04-25',NULL,NULL),(124,'8','2014-05-01','2014-05-08',NULL,NULL),(146,'9','2014-05-11','2014-05-17',NULL,NULL),(150,'11','2014-06-02','2014-06-13',NULL,NULL),(154,'14','2014-06-14','2014-06-23',NULL,NULL);
/*!40000 ALTER TABLE `ASSIGNMENTS` ENABLE KEYS */;
UNLOCK TABLES;

--
-- Table structure for table `BILLS`
--

DROP TABLE IF EXISTS `BILLS`;
/*!40101 SET @saved_cs_client     = @@character_set_client */;
/*!40101 SET character_set_client = utf8 */;
CREATE TABLE `BILLS` (
  `Bill#` int(11) NOT NULL,
  `BILL_amount` decimal(10,2) DEFAULT NULL,
  PRIMARY KEY (`Bill#`)
) ENGINE=InnoDB DEFAULT CHARSET=latin1;
/*!40101 SET character_set_client = @saved_cs_client */;

--
-- Dumping data for table `BILLS`
--

LOCK TABLES `BILLS` WRITE;
/*!40000 ALTER TABLE `BILLS` DISABLE KEYS */;
INSERT INTO `BILLS` VALUES (231,2200.67),(245,1289.95),(249,6452.37),(264,4352.86),(271,3289.36);
/*!40000 ALTER TABLE `BILLS` ENABLE KEYS */;
UNLOCK TABLES;

--
-- Table structure for table `CUSTOMERS`
--

DROP TABLE IF EXISTS `CUSTOMERS`;
/*!40101 SET @saved_cs_client     = @@character_set_client */;
/*!40101 SET character_set_client = utf8 */;
CREATE TABLE `CUSTOMERS` (
  `CUSTOMER_ID` int(11) NOT NULL,
  `CUSTOMER_name` varchar(45) DEFAULT NULL,
  `CUSTOMER_phone#` int(11) DEFAULT NULL,
  `REGIONS_REGION_code` int(11) DEFAULT NULL,
  PRIMARY KEY (`CUSTOMER_ID`),
  KEY `fk_CUSTOMERS_REGIONS1_idx` (`REGIONS_REGION_code`),
  CONSTRAINT `fk_CUSTOMERS_REGIONS1` FOREIGN KEY (`REGIONS_REGION_code`) REFERENCES `REGIONS` (`REGION_code`) ON DELETE NO ACTION ON UPDATE NO ACTION
) ENGINE=InnoDB DEFAULT CHARSET=latin1;
/*!40101 SET character_set_client = @saved_cs_client */;

--
-- Dumping data for table `CUSTOMERS`
--

LOCK TABLES `CUSTOMERS` WRITE;
/*!40000 ALTER TABLE `CUSTOMERS` DISABLE KEYS */;
INSERT INTO `CUSTOMERS` VALUES (143,'Tim Delay',2147483647,NULL),(157,'Bobby Shmerda',2024355532,NULL),(165,'Deb Jackson',2147483647,NULL),(171,'Cameron Gates',2147483647,NULL),(177,'Tamica Rosen',2147483647,NULL);
/*!40000 ALTER TABLE `CUSTOMERS` ENABLE KEYS */;
UNLOCK TABLES;

--
-- Table structure for table `EMPLOYEES`
--

DROP TABLE IF EXISTS `EMPLOYEES`;
/*!40101 SET @saved_cs_client     = @@character_set_client */;
/*!40101 SET character_set_client = utf8 */;
CREATE TABLE `EMPLOYEES` (
  `EMPLOYEE_ID` int(11) NOT NULL,
  `EMPLOYEE_lastName` varchar(45) DEFAULT NULL,
  `EMPLOYEE_middleInitial` varchar(45) DEFAULT NULL,
  `EMPLOYEE_firstName` varchar(45) DEFAULT NULL,
  `EMPLOYEE_hireDate` date DEFAULT NULL,
  `REGIONS_REGION_code` int(11) DEFAULT NULL,
  PRIMARY KEY (`EMPLOYEE_ID`),
  KEY `fk_EMPLOYEES_REGIONS1_idx` (`REGIONS_REGION_code`),
  CONSTRAINT `fk_EMPLOYEES_REGIONS1` FOREIGN KEY (`REGIONS_REGION_code`) REFERENCES `REGIONS` (`REGION_code`) ON DELETE NO ACTION ON UPDATE NO ACTION
) ENGINE=InnoDB DEFAULT CHARSET=latin1;
/*!40101 SET character_set_client = @saved_cs_client */;

--
-- Dumping data for table `EMPLOYEES`
--

LOCK TABLES `EMPLOYEES` WRITE;
/*!40000 ALTER TABLE `EMPLOYEES` DISABLE KEYS */;
INSERT INTO `EMPLOYEES` VALUES (102,'Yarbrough',NULL,'Peter','2014-01-02',1),(108,'Smith',NULL,'Jose','2014-01-05',2),(111,'Bush',NULL,'Emily','2014-01-11',3),(113,'Bender',NULL,'Larry','2014-01-15',4),(116,'Smith',NULL,'Marry','2014-01-18',5);
/*!40000 ALTER TABLE `EMPLOYEES` ENABLE KEYS */;
UNLOCK TABLES;

--
-- Table structure for table `EMPLOYEES_has_SKILLS`
--

DROP TABLE IF EXISTS `EMPLOYEES_has_SKILLS`;
/*!40101 SET @saved_cs_client     = @@character_set_client */;
/*!40101 SET character_set_client = utf8 */;
CREATE TABLE `EMPLOYEES_has_SKILLS` (
  `EMPLOYEES_EMPLOYEE_ID` int(11) NOT NULL DEFAULT '0',
  `SKILLS_SKILL_ID` int(11) NOT NULL DEFAULT '0',
  PRIMARY KEY (`EMPLOYEES_EMPLOYEE_ID`,`SKILLS_SKILL_ID`),
  KEY `fk_EMPLOYEES_has_SKILLS_EMPLOYEES1_idx` (`EMPLOYEES_EMPLOYEE_ID`),
  KEY `fk_EMPLOYEES_has_SKILLS_SKILLS1_idx` (`SKILLS_SKILL_ID`),
  CONSTRAINT `fk_EMPLOYEES_has_SKILLS_EMPLOYEES1` FOREIGN KEY (`EMPLOYEES_EMPLOYEE_ID`) REFERENCES `EMPLOYEES` (`EMPLOYEE_ID`) ON DELETE NO ACTION ON UPDATE NO ACTION,
  CONSTRAINT `fk_EMPLOYEES_has_SKILLS_SKILLS1` FOREIGN KEY (`SKILLS_SKILL_ID`) REFERENCES `SKILLS` (`SKILL_ID`) ON DELETE NO ACTION ON UPDATE NO ACTION
) ENGINE=InnoDB DEFAULT CHARSET=latin1;
/*!40101 SET character_set_client = @saved_cs_client */;

--
-- Dumping data for table `EMPLOYEES_has_SKILLS`
--

LOCK TABLES `EMPLOYEES_has_SKILLS` WRITE;
/*!40000 ALTER TABLE `EMPLOYEES_has_SKILLS` DISABLE KEYS */;
INSERT INTO `EMPLOYEES_has_SKILLS` VALUES (102,9),(108,18),(111,13),(113,21),(116,25);
/*!40000 ALTER TABLE `EMPLOYEES_has_SKILLS` ENABLE KEYS */;
UNLOCK TABLES;

--
-- Table structure for table `PROJECTS`
--

DROP TABLE IF EXISTS `PROJECTS`;
/*!40101 SET @saved_cs_client     = @@character_set_client */;
/*!40101 SET character_set_client = utf8 */;
CREATE TABLE `PROJECTS` (
  `PROJECT_id` int(11) NOT NULL,
  `PROJECT_descript` varchar(45) DEFAULT NULL,
  `PROJECT_signDate` date DEFAULT NULL,
  `PROJECT_estStart` date DEFAULT NULL,
  `PROJECT_estComplete` date DEFAULT NULL,
  `PROJECT_estBudget` decimal(10,2) DEFAULT NULL,
  `PROJECT_actStart` date DEFAULT NULL,
  `PROJECT_actComplete` date DEFAULT NULL,
  `PROJECT_actCost` decimal(10,2) DEFAULT NULL,
  `PROJECT_manager` int(11) DEFAULT NULL,
  `CUSTOMERS_CUSTOMER_ID` int(11) DEFAULT NULL,
  PRIMARY KEY (`PROJECT_id`),
  KEY `fk_PROJECTS_CUSTOMERS1_idx` (`CUSTOMERS_CUSTOMER_ID`),
  CONSTRAINT `fk_PROJECTS_CUSTOMERS1` FOREIGN KEY (`CUSTOMERS_CUSTOMER_ID`) REFERENCES `CUSTOMERS` (`CUSTOMER_ID`) ON DELETE NO ACTION ON UPDATE NO ACTION
) ENGINE=InnoDB DEFAULT CHARSET=latin1;
/*!40101 SET character_set_client = @saved_cs_client */;

--
-- Dumping data for table `PROJECTS`
--

LOCK TABLES `PROJECTS` WRITE;
/*!40000 ALTER TABLE `PROJECTS` DISABLE KEYS */;
INSERT INTO `PROJECTS` VALUES (143,'Fix database','2014-02-04','2014-02-09','2014-03-01',5554.58,'2014-02-09','2014-03-02',6123.96,341,NULL),(147,'Upload data','2014-03-06','2014-03-20','2014-03-25',3245.86,'2014-03-22','2014-03-29',3502.32,456,NULL),(149,'Database repair','2014-03-10','2014-03-15','2014-03-21',1203.12,'2014-03-17','2014-03-22',7352.11,477,NULL),(154,'Write company statement','2014-04-11','2014-04-13','2014-04-15',300.21,'2014-04-13','2014-04-14',200.53,501,NULL),(176,'Repair Oracle DB','2014-04-16','2014-04-29','2014-05-11',9023.27,'2014-05-01','2014-05-17',9978.28,513,NULL);
/*!40000 ALTER TABLE `PROJECTS` ENABLE KEYS */;
UNLOCK TABLES;

--
-- Table structure for table `PROJECT_SCHEDULES`
--

DROP TABLE IF EXISTS `PROJECT_SCHEDULES`;
/*!40101 SET @saved_cs_client     = @@character_set_client */;
/*!40101 SET character_set_client = utf8 */;
CREATE TABLE `PROJECT_SCHEDULES` (
  `TASK_ID` int(11) NOT NULL,
  `TASK_descript` varchar(45) DEFAULT NULL,
  `TASK_startDate` date DEFAULT NULL,
  `TASK_endDate` date DEFAULT NULL,
  `TASK_skill(s)Needed` varchar(45) DEFAULT NULL,
  `PROJECTS_PROJECT_id` int(11) DEFAULT NULL,
  PRIMARY KEY (`TASK_ID`),
  KEY `fk_PROJECT_SCHEDULES_PROJECTS1_idx` (`PROJECTS_PROJECT_id`),
  CONSTRAINT `fk_PROJECT_SCHEDULES_PROJECTS1` FOREIGN KEY (`PROJECTS_PROJECT_id`) REFERENCES `PROJECTS` (`PROJECT_id`) ON DELETE NO ACTION ON UPDATE NO ACTION
) ENGINE=InnoDB DEFAULT CHARSET=latin1;
/*!40101 SET character_set_client = @saved_cs_client */;

--
-- Dumping data for table `PROJECT_SCHEDULES`
--

LOCK TABLES `PROJECT_SCHEDULES` WRITE;
/*!40000 ALTER TABLE `PROJECT_SCHEDULES` DISABLE KEYS */;
INSERT INTO `PROJECT_SCHEDULES` VALUES (234,'Debug SQL','2014-03-05','2014-03-20','SQL Server DBA',NULL),(245,'Fix upload service','2014-04-03','2014-04-11','C++ I',NULL),(253,'Write press statement','2014-04-12','2014-04-14','Techincal Writer',NULL),(260,'System rehaul','2014-04-29','2014-06-02','Systems Analyst I',NULL),(271,'Network repair','2014-05-24','2014-05-28','Network Engineer I',NULL);
/*!40000 ALTER TABLE `PROJECT_SCHEDULES` ENABLE KEYS */;
UNLOCK TABLES;

--
-- Table structure for table `REGIONS`
--

DROP TABLE IF EXISTS `REGIONS`;
/*!40101 SET @saved_cs_client     = @@character_set_client */;
/*!40101 SET character_set_client = utf8 */;
CREATE TABLE `REGIONS` (
  `REGION_code` int(11) NOT NULL,
  `REGION_descipt` varchar(45) DEFAULT NULL,
  PRIMARY KEY (`REGION_code`)
) ENGINE=InnoDB DEFAULT CHARSET=latin1;
/*!40101 SET character_set_client = @saved_cs_client */;

--
-- Dumping data for table `REGIONS`
--

LOCK TABLES `REGIONS` WRITE;
/*!40000 ALTER TABLE `REGIONS` DISABLE KEYS */;
INSERT INTO `REGIONS` VALUES (1,'NW'),(2,'SW'),(3,'NE'),(4,'SE'),(5,'MS');
/*!40000 ALTER TABLE `REGIONS` ENABLE KEYS */;
UNLOCK TABLES;

--
-- Table structure for table `SKILLS`
--

DROP TABLE IF EXISTS `SKILLS`;
/*!40101 SET @saved_cs_client     = @@character_set_client */;
/*!40101 SET character_set_client = utf8 */;
CREATE TABLE `SKILLS` (
  `SKILL_ID` int(11) NOT NULL,
  `SKILL_descript` varchar(45) DEFAULT NULL,
  `SKILL_payRate` decimal(10,2) DEFAULT NULL,
  PRIMARY KEY (`SKILL_ID`)
) ENGINE=InnoDB DEFAULT CHARSET=latin1;
/*!40101 SET character_set_client = @saved_cs_client */;

--
-- Dumping data for table `SKILLS`
--

LOCK TABLES `SKILLS` WRITE;
/*!40000 ALTER TABLE `SKILLS` DISABLE KEYS */;
INSERT INTO `SKILLS` VALUES (9,'C++ I',28.30),(13,'Cobol I',21.72),(18,'SQL Server DBA',24.53),(21,'Technical Writer',16.50),(25,'VB I',23.13);
/*!40000 ALTER TABLE `SKILLS` ENABLE KEYS */;
UNLOCK TABLES;

--
-- Table structure for table `TASK_NEED_SKILL`
--

DROP TABLE IF EXISTS `TASK_NEED_SKILL`;
/*!40101 SET @saved_cs_client     = @@character_set_client */;
/*!40101 SET character_set_client = utf8 */;
CREATE TABLE `TASK_NEED_SKILL` (
  `TASK_quantity` int(11) DEFAULT NULL,
  `PROJECT_SCHEDULES_TASK_ID` int(11) NOT NULL DEFAULT '0',
  `SKILLS_SKILL_ID` int(11) NOT NULL DEFAULT '0',
  PRIMARY KEY (`PROJECT_SCHEDULES_TASK_ID`,`SKILLS_SKILL_ID`),
  KEY `fk_TASK_NEED_SKILL_SKILLS1_idx` (`SKILLS_SKILL_ID`),
  CONSTRAINT `fk_TASKS_PROJECT_SCHEDULES1` FOREIGN KEY (`PROJECT_SCHEDULES_TASK_ID`) REFERENCES `PROJECT_SCHEDULES` (`TASK_ID`) ON DELETE NO ACTION ON UPDATE NO ACTION,
  CONSTRAINT `fk_TASK_NEED_SKILL_SKILLS1` FOREIGN KEY (`SKILLS_SKILL_ID`) REFERENCES `SKILLS` (`SKILL_ID`) ON DELETE NO ACTION ON UPDATE NO ACTION
) ENGINE=InnoDB DEFAULT CHARSET=latin1;
/*!40101 SET character_set_client = @saved_cs_client */;

--
-- Dumping data for table `TASK_NEED_SKILL`
--

LOCK TABLES `TASK_NEED_SKILL` WRITE;
/*!40000 ALTER TABLE `TASK_NEED_SKILL` DISABLE KEYS */;
INSERT INTO `TASK_NEED_SKILL` VALUES (5,234,9),(3,245,13),(8,253,18),(1,260,21),(2,271,25);
/*!40000 ALTER TABLE `TASK_NEED_SKILL` ENABLE KEYS */;
UNLOCK TABLES;

--
-- Table structure for table `WORKLOGS`
--

DROP TABLE IF EXISTS `WORKLOGS`;
/*!40101 SET @saved_cs_client     = @@character_set_client */;
/*!40101 SET character_set_client = utf8 */;
CREATE TABLE `WORKLOGS` (
  `WORKLOG_ID` int(11) NOT NULL,
  `WORKLOG_date` date DEFAULT NULL,
  `WORKLOG_totalHours` int(11) DEFAULT NULL,
  `ASSIGNMENTS_ASSIGNMENT_ID` int(11) DEFAULT NULL,
  `BILLS_Bill#` int(11) DEFAULT NULL,
  PRIMARY KEY (`WORKLOG_ID`),
  KEY `fk_WORKLOGS_ASSIGNMENTS1_idx` (`ASSIGNMENTS_ASSIGNMENT_ID`),
  KEY `fk_WORKLOGS_BILLS1_idx` (`BILLS_Bill#`),
  CONSTRAINT `fk_WORKLOGS_ASSIGNMENTS1` FOREIGN KEY (`ASSIGNMENTS_ASSIGNMENT_ID`) REFERENCES `ASSIGNMENTS` (`ASSIGNMENT_ID`) ON DELETE NO ACTION ON UPDATE NO ACTION,
  CONSTRAINT `fk_WORKLOGS_BILLS1` FOREIGN KEY (`BILLS_Bill#`) REFERENCES `BILLS` (`Bill#`) ON DELETE NO ACTION ON UPDATE NO ACTION
) ENGINE=InnoDB DEFAULT CHARSET=latin1;
/*!40101 SET character_set_client = @saved_cs_client */;

--
-- Dumping data for table `WORKLOGS`
--

LOCK TABLES `WORKLOGS` WRITE;
/*!40000 ALTER TABLE `WORKLOGS` DISABLE KEYS */;
INSERT INTO `WORKLOGS` VALUES (123,'2014-03-31',8,NULL,NULL),(213,'2014-04-30',12,NULL,NULL),(236,'2014-05-11',43,NULL,NULL),(246,'2014-05-13',83,NULL,NULL),(251,'2014-05-16',21,NULL,NULL);
/*!40000 ALTER TABLE `WORKLOGS` ENABLE KEYS */;
UNLOCK TABLES;
/*!40103 SET TIME_ZONE=@OLD_TIME_ZONE */;

/*!40101 SET SQL_MODE=@OLD_SQL_MODE */;
/*!40014 SET FOREIGN_KEY_CHECKS=@OLD_FOREIGN_KEY_CHECKS */;
/*!40014 SET UNIQUE_CHECKS=@OLD_UNIQUE_CHECKS */;
/*!40101 SET CHARACTER_SET_CLIENT=@OLD_CHARACTER_SET_CLIENT */;
/*!40101 SET CHARACTER_SET_RESULTS=@OLD_CHARACTER_SET_RESULTS */;
/*!40101 SET COLLATION_CONNECTION=@OLD_COLLATION_CONNECTION */;
/*!40111 SET SQL_NOTES=@OLD_SQL_NOTES */;

-- Dump completed on 2014-11-12 13:26:19
